2187,2020-09-02 04:00:00
2195,2020-09-02 04:00:00
2196,2020-09-02 04:00:00
2197,2020-09-02 04:00:00
2199,2020-09-02 04:00:00
2504,2020-09-02 05:00:00
2523,2020-12-23 04:00:00
2189,2020-10-07 04:00:00
2091,2020-10-07 04:00:00
2080,2020-10-28 04:00:00
2509,2021-04-07 04:00:00
2505,2021-04-07 04:00:00
2506,2021-04-07 04:00:00
2507,2021-04-07 04:00:00
2508,2021-04-07 04:00:00
2222,2020-11-11 04:00:00
2198,2020-12-09 04:00:00
2526,2020-11-25 04:00:00
2527,2020-11-25 04:00:00
2528,2020-11-25 04:00:00
2514,2021-04-21 04:00:00
2624,2021-05-20 04:00:00
2555,2021-06-02 04:00:00
2517,2021-06-16 04:00:00
2593,2021-06-30 04:00:00
2525,2021-06-30 04:00:00
2556,2021-07-28 04:00:00
8531,2021-08-11 04:00:00
2596,2021-09-08 04:00:00
8524,2021-10-27 04:00:00
2577,2021-09-23 04:00:00
247,2021-09-23 04:00:00
2633,2021-10-13 04:00:00
2641,2021-10-20 04:00:00
2642,2021-11-03 04:00:00
2634,2021-11-17 04:00:00
2636,2021-12-01 04:00:00
2561,2021-12-01 04:00:00
251,2021-11-03 04:00:00
2626,2021-12-15 04:00:00
8578,2021-12-29 04:00:00
8293,2022-01-12 04:00:00
2612,2022-01-12 04:00:00
8312,2022-01-12 04:00:00
2608,2022-02-16 04:00:00
2649,2022-02-16 04:00:00
2651,2022-04-06 04:00:00
2601,2022-04-06 04:00:00
2620,2022-04-06 04:00:00
2650,2022-03-10 04:00:00
2648,2022-03-10 04:00:00
2617,2022-03-10 04:00:00
2598,2022-03-10 04:00:00
289,2022-03-10 04:00:00
290,2022-03-10 04:00:00
291,2022-03-10 04:00:00
292,2022-03-10 04:00:00
293,2022-03-10 04:00:00
294,2022-03-10 04:00:00
295,2022-03-10 04:00:00
296,2022-03-10 04:00:00
2616,2022-03-10 04:00:00
2599,2022-03-10 04:00:00
2619,2022-04-06 04:00:00
2621,2022-04-06 04:00:00
2622,2022-04-06 04:00:00
2623,2022-04-06 04:00:00
2652,2022-04-06 04:00:00
2653,2022-04-06 04:00:00
2654,2022-04-06 04:00:00
2655,2022-04-06 04:00:00
2656,2022-04-06 04:00:00
2657,2022-04-06 04:00:00
2659,2022-03-10 04:00:00